Country,Birth Rate,CO2 Emissions,Days to Start Business,Energy Usage,GDP,Health Exp % GDP,Health Exp/Capita,Infant Mortality Rate,Internet Usage,Lending Interest,Life Expectancy Female,Life Expectancy Male,Mobile Phone Usage,Population 0-14,Population 15-64,Population 65+,Population Total,Population Urban,Tourism Inbound,Tourism Outbound,labels,Development_Level
Afghanistan,0.042248668644271514,8.154566505010353,2.7029088016017915,9.579003173560242,23.048596289168817,0.08356313092447701,4.021222297393138,0.07952186199780199,0.022814677766171347,0.13224210030579742,4.090490992906111,4.049776242742224,0.2564295289476765,0.3989826035426564,0.397949758997214,0.020556490882579406,17.05023058862043,0.2093878353123614,20.018668742201573,19.59053977559727,0,Under Developed
Albania,0.014585421405246022,8.470262835192903,3.2157941583307927,8.000323699191522,22.908813894783417,0.05964676830788065,5.1348930499354495,0.017613203598737207,0.17589066646366422,0.1331178455872714,4.3849070975392355,4.30406509320417,0.4456715285862049,0.22982884715049745,0.503010550089335,0.08427044457682603,14.89963379571353,0.3910540738634574,20.876184990382622,20.730317837116782,3,Emerging
Algeria,0.0218367561476341,11.370109787766333,3.2756922999118614,10.390121361368587,25.502717791793675,0.03774032798284703,4.904134527459698,0.027390658145220244,0.06693948267510934,0.07994802863540473,4.285176808683964,4.239665162601087,0.40032370860774574,0.2567271037155322,0.5086694547495255,0.043280508358462394,17.36399722172184,0.4978339033420644,19.433120468204717,19.92765991164438,2,Developing
American Samoa,0.02029270326776243,9.163563180417254,3.332204510175204,9.579003173560242,23.518315240553033,0.05921185963184609,5.2390980068880655,0.020782539182528502,0.09531017980432487,0.11332868530700317,4.330733340286331,4.248495242049359,0.4054651081081644,0.262364264467491,0.4959150110302365,0.050693114315518116,10.953347176331699,0.6302073807860711,20.418098451510463,19.972489545668473,3,Emerging
Andorra,0.010527721886654445,7.161622002939187,3.332204510175204,9.579003173560242,22.47976846511521,0.06062462181643484,7.192683563237297,0.0030785896095974403,0.37729423114146804,0.11332868530700317,4.330733340286331,4.248495242049359,0.5257142362597413,0.262364264467491,0.4959150110302365,0.050693114315518116,11.246178276173886,0.6415906936455432,20.418098451510463,19.972489545668473,3,Emerging
Angola,0.0471771423371834,9.78227556782452,3.9408347026666917,9.270197278360044,24.645169545207406,0.04084660960191691,4.659075450824294,0.10781902949603357,0.03774032798284703,0.1860006779558941,3.9348376831943175,3.8791818992389038,0.2076393647782445,0.3903775014574154,0.40423358085891775,0.02416714622689389,16.6611595117049,0.3146984370716523,19.448099943803218,19.26390438619262,0,Under Developed
Antigua and Barbuda,0.01821766149398311,7.508112179046043,3.221948023905171,9.215611072781522,20.766168981073275,0.0452674832919102,6.357975573180296,0.010407195248535672,0.26826398659467937,0.10595264800516818,4.357694534014351,4.292564705083854,0.7492366472109889,0.2443328487147195,0.5015675148104147,0.06938253914639042,11.332893899528072,0.2517758602663294,19.647618593610883,18.15028432089245,3,Emerging
Argentina,0.01746203201870631,11.484372449063681,3.435227130248467,10.815553990013585,26.139012280834805,0.08150908763403238,6.377772973098607,0.014888612493750656,0.2384110234449982,0.1326127015262849,4.37913785076799,4.279866121746726,0.5962973545700276,0.23160000222308788,0.4921131712440602,0.0982429379988464,17.47895567462218,0.6431081599707847,22.106478531779665,22.122115662940498,1,Highly Developed
Armenia,0.013675296200215466,8.504217056662846,2.928112085879012,8.108183346607262,22.57657938573322,0.048057294953779306,4.579457822859602,0.019953445485139144,0.11607217125275403,0.17585840787884552,4.353745861558934,4.261595866095057,0.37421256460406,0.1999851458413849,0.5125932912900201,0.10338934340444536,14.916550819795512,0.4948838414989778,19.42863866800198,19.491473745619004,3,Emerging
Aruba,0.012004578922164421,8.130330896091976,3.332204510175204,9.579003173560242,21.944029869555944,0.05921185963184608,5.2390980068880655,0.020782539182528502,0.325422400434628,0.10629853711656864,4.354734492385874,4.290459441148391,0.653926467406664,0.1948706911254234,0.5270925962298625,0.08681263929388415,11.50153156960207,0.36821578382362513,20.82589184892383,19.289718595169525,3,Emerging
Australia,0.01329583275696446,11.484372449063681,2.2553322081435003,10.873006206198845,26.239006144556786,0.08278450763261834,7.195187320178709,0.004604766386748266,0.43577045760349326,0.0791665843445819,4.435385102813694,4.377207348237933,0.6131044728864088,0.17936848281121479,0.514618422004687,0.1226259904512878,16.84971294129374,0.631967116052237,22.695052566554256,22.230560275933318,1,Highly Developed
Austria,0.009340853461149053,10.992105188856065,3.2756922999118614,10.384806726536313,26.190035326718707,0.1008194513840672,7.195187320178709,0.003992021269537453,0.46518434280978666,0.11332868530700319,4.4262275296596725,4.354734492385874,0.7672551527136672,0.1462292783152043,0.5165935725055651,0.15377698363790787,15.924834094612184,0.5057512323297598,22.695052566554256,22.230560275933318,1,Highly Developed
Azerbaijan,0.016478859317085513,10.379936710811714,3.42024557663285,9.42973536776528,24.101587620226063,0.05492515273694791,5.177886597969212,0.04232240680011364,0.18232155679395465,0.1692882733943211,4.2915126271330495,4.208131018193999,0.4105802087749348,0.22915620824049415,0.5198920911642302,0.05884929119308221,15.965158757271457,0.4227003398990983,20.076414872665467,20.19249911645933,2,Developing
"Bahamas, The",0.0156461882875588,7.952966790923131,3.3404124905930335,9.232410411665969,22.74137887947139,0.06283033224406119,7.153954080626377,0.012156577706466793,0.2741291060470774,0.05456102645393112,4.355722146787147,4.273455843385807,0.5306282510621704,0.22412768228304678,0.5219937961458384,0.06167384494494418,12.72216590934862,0.6006522649471692,21.42331224046319,19.85466576629184,3,Emerging
Bahrain,0.018142124235194314,9.802893437300426,2.980228087018026,9.034474853125309,23.646727158098717,0.037962525517368596,6.452534155805308,0.008654747087750426,0.325422400434628,0.0791665843445819,4.3497815352570255,4.329720681971945,0.6658550382719378,0.22412768228304678,0.5462521658985684,0.021761491781512692,13.794100214369173,0.633682942929605,21.161471139499696,20.247089350203503,3,Emerging
Bangladesh,0.022889862909622423,10.5078812801323,3.667498659088986,10.089606377751542,25.0020269994334,0.03283944938313604,2.8643962714929043,0.04761731547905679,0.015267472130788436,0.13889199886661863,4.240773195955449,4.2251478780523675,0.18232155679395465,0.29106097291731686,0.4815235577956385,0.042838421702279056,17.760591909837135,0.24379046764860124,18.14725554527004,20.128222135909514,2,Developing
Barbados,0.012916225266546327,7.8752946888639315,3.2814894175961875,9.22325659724273,22.091353143575393,0.06830545578372675,6.718362626970468,0.014357967747947885,0.39515573844930313,0.08878544342840332,4.350774091169777,4.287293211590342,0.5835040031101182,0.18526593580135212,0.5235899656786607,0.1030424463946878,12.524498683957576,0.2835002639430154,20.652348038123368,19.4016061499374,3,Emerging
Belarus,0.0101026421778095,10.828689232946973,3.528620412583599,10.164860201254836,24.335522687922694,0.059356850207712676,5.42799518985657,0.006975613736425242,0.17589066646366422,0.14523190464962746,4.341805421187017,4.175570002144687,0.4407332469456224,0.14735843389331454,0.5303567209885466,0.13224210030579742,16.083775016784873,0.5468756350793076,19.987371735543974,20.235380198007615,2,Developing
Belgium,0.011396352643245075,11.443545705464945,3.0297620221403023,10.873006206198845,26.229057519322083,0.09264930014457513,7.195187320178709,0.0041452427514889435,0.46518434280978666,0.08497725829016513,4.420692460177672,4.3497815352570255,0.653926467406664,0.15772669583599302,0.5052408270104641,0.15871169115482087,16.177255968625346,0.6801788385507297,22.688698462154473,22.230560275933318,1,Highly Developed
Belize,0.025967596825786938,7.524270594990628,3.6536507622301926,9.216414196593712,20.89751755920349,0.04783732941416013,5.334575114570661,0.017688780819798765,0.11607217125275403,0.1331851788532969,4.336787849195037,4.250690632612795,0.325422400434628,0.31761421798681627,0.4609240730044411,0.03966440169121147,12.542419874338236,0.37880517699974126,19.176802728368536,17.597950432925824,3,Emerging
Benin,0.03899879504015396,8.341905301825967,3.421502647822901,8.224081017999966,22.324341578931335,0.043943272107454766,3.2756922999118614,0.07045846364856141,0.0,0.11332868530700319,4.093061688409211,4.041700828736679,0.2504593619611727,0.3664577055358967,0.4245133030788589,0.028138825170991724,15.95118160194425,0.3394348766331488,18.756603386167644,18.700640777868376,0,Under Developed
Bermuda,0.012688391584148225,7.545796237158577,3.332204510175204,9.579003173560242,22.327020987075876,0.05921185963184608,5.2390980068880655,0.020782539182528502,0.5215372793609184,0.11332868530700319,4.413264385169161,4.346797942790138,0.6089291014759282,0.262364264467491,0.4959150110302365,0.050693114315518116,11.068184042163045,0.6931471805599453,19.880904492173475,19.73626372751078,3,Emerging
Bhutan,0.02281467776617134,7.498017509619913,3.801521090269901,9.21773603345148,20.761025230525288,0.049083161534551834,4.2809305178025125,0.04276472158801052,0.06693948267510934,0.13553899143338344,4.183810190030142,4.1791098288498105,0.3198513553851726,0.2901405862899882,0.4832804850502082,0.0410681180755217,13.399321577204306,0.27249033709786086,17.426428497635523,19.306353655604873,0,Under Developed
Bolivia,0.02791443383155585,9.415188344441404,3.8419306286077775,8.675668572163111,23.3516595286687,0.05383237588249109,4.366522448137917,0.04202742154723714,0.10919929196499198,0.14058100484520625,4.222895624848043,4.1588830833596715,0.325422400434628,0.32001893910759927,0.4561094740384631,0.04386965337881695,16.067332515606772,0.49848829244646725,19.523642537487436,19.527973202756268,0,Under Developed
Bosnia and Herzegovina,0.008731004379890937,10.070230050199568,3.8823565050796764,8.69879654164364,23.248600956757134,0.08299691957096791,5.685148395111308,0.006975613736425242,0.2384110234449982,0.0963760451344376,4.3684736682691785,4.30406509320417,0.41058020877493484,0.169937497594233,0.5192057964423511,0.12581903640614595,15.167597120254358,0.3310730719434423,20.171751758487982,19.093625222296833,3,Emerging
Botswana,0.02499275516034438,8.582764832547673,3.9408347026666917,7.9914881858831235,23.017970695405182,0.050619990846508166,5.631487453773491,0.04423769283680075,0.04512043528046959,0.13768621093917444,3.8823565050796764,3.872802292274865,0.4937577152538427,0.3051063080044523,0.47671184798085403,0.032094792263313625,14.451980584425833,0.4398417605808003,19.476064301550245,19.038358084075863,0,Under Developed
Brazil,0.01746203201870631,11.484372449063681,3.9408347026666917,10.815553990013585,26.239006144556786,0.07788653865707122,6.3276620207105685,0.019727209671044982,0.2262157503511799,0.2128911748498584,4.340803918849927,4.239665162601087,0.4795730802618863,0.24004604969715246,0.5101022852967091,0.06131216820766586,17.760591909837135,0.6048202532987114,22.213400327979016,22.146383439227627,2,Developing
Brunei Darussalam,0.018972720424449363,8.915669834423348,3.7937590849344116,8.219699034965009,23.072921863218227,0.026342283030477687,6.563747025474136,0.007815532848147873,0.3142490998365027,0.05354076692802982,4.383947864851776,4.335781306583636,0.5661875530986573,0.24902120255701374,0.5213546142768413,0.03239272165625176,12.831078720868145,0.5529120493255176,19.69840431657089,19.90594989293479,3,Emerging
Bulgaria,0.009569451016150707,10.62647728895178,3.361976668508874,9.84235246391522,24.258382704807662,0.06952606264861023,5.785953094233274,0.013599415030091414,0.2564295289476765,0.09545003016466748,4.347793463031639,4.255067007212594,0.6499184460091252,0.13055581613837836,0.5212175935636625,0.16244584990444957,15.85207199909251,0.5360434267499471,21.88019541217637,21.20431401980455,1,Highly Developed
Burkina Faso,0.043206840820029874,7.854351360351621,3.2521618025016674,9.579003173560242,22.574346633992175,0.06297479916138844,3.3725868476208896,0.07881118042428978,0.0,0.11332868530700319,4.005933604878048,3.9760806417283665,0.15634607039069398,0.38075198248688924,0.4126698606655273,0.025367806734331543,16.447805469488927,0.2024383629861806,18.89882423760399,18.71449781242579,0,Under Developed
Burundi,0.042912116385241034,7.409276209579933,2.824122372354964,9.579003173560242,21.061133664552067,0.08094171173228698,2.655406467616788,0.0705301508058379,0.0,0.1506721091369914,3.973190466306133,3.918157993995662,0.05971923470162228,0.3757986077596947,0.4167854064486006,0.026417203427590838,15.910611985300942,0.09215836490309857,14.449234848665522,17.836732873288447,0,Under Developed
Cambodia,0.025967596825786934,8.290717170511225,3.9408347026666917,8.468891369526764,22.79305133470701,0.058776761727955214,3.5487328223706944,0.05098555473286767,0.0,0.11332868530700319,4.267004208104319,4.184981836327033,0.26826398659467937,0.3026654133120117,0.47077256430861275,0.04416409578064977,16.42142869585888,0.17660009218107703,20.739593354076373,18.922853662183634,0,Under Developed
Cameroon,0.03907277321662565,8.590329262856002,3.5080951766388684,8.890601199647369,23.615872845985837,0.04783732941416013,3.855045570685606,0.07367930886216825,0.015267472130788436,0.14622927831520427,4.001723072341704,3.9659282702643486,0.2013697517646491,0.365657556131992,0.422397859558014,0.032467190137501496,16.74356095881323,0.3994470357826014,19.269844997697252,19.83951676056582,0,Under Developed
Canada,0.010939940038334362,11.484372449063681,2.332890442489375,10.873006206198845,26.239006144556786,0.09670780407096283,7.195187320178709,0.004987541511039074,0.5306282510621704,0.04364876466901333,4.427147069954351,4.3694478524670215,0.45058554338863394,0.16152997910904052,0.5251380945736,0.12609031480726704,17.301783537366187,0.5897505471880998,22.695052566554256,22.230560275933318,1,Highly Developed
Cayman Islands,0.014494446150452563,8.337013339534144,3.332204510175204,9.579003173560242,23.518315240553033,0.05921185963184609,5.2390980068880655,0.020782539182528502,0.494696241836107,0.11332868530700317,4.330733340286331,4.248495242049359,1.0438040521731147,0.262364264467491,0.4959150110302365,0.05069311431551812,10.916658140718518,0.6931471805599453,20.074326912964295,19.111825926851658,3,Emerging
Central African Republic,0.03610936906248852,7.420763135330261,3.1907928561253756,9.579003173560242,21.158445261566108,0.04010789345692531,2.7916369172104756,0.10248716075537627,0.0,0.14622927831520427,3.8839400366853205,3.81347682619005,0.08122543992258587,0.34691205705530725,0.43577045760349337,0.03877682766844611,15.215090295584854,0.32419943068967083,18.59786090962219,18.51108380772822,0,Under Developed
Chad,0.04783732941416013,7.481122238530384,3.9370907821572265,9.579003173560242,22.660874328997973,0.046443089599238166,3.1487834480478325,0.0944706666726065,0.0,0.14622927831520427,3.9166277718148943,3.8823565050796764,0.09531017980432487,0.39893098664327215,0.3943782341986544,0.025967596825786938,16.152681750329037,0.1975258956187465,20.164111482745604,19.749997672976296,0,Under Developed
Chile,0.014964395904798254,10.906746070706262,3.206491765668479,10.267679175328517,25.718414376562574,0.06808989982815886,6.433928967974274,0.007968169649176874,0.30294954458256934,0.08384611642335878,4.410464569994415,4.335781306583636,0.570544858467613,0.21833199431698772,0.514480475114021,0.0800190387543765,16.618102494508904,0.6293058522244169,21.39711257229795,21.133897065491244,1,Highly Developed
China,0.012232568435634406,11.484372449063681,3.6416265692633907,10.815553990013585,26.239006144556786,0.046883585898850416,4.890927330030288,0.019500922662725052,0.15634607039069398,0.05696181331875138,4.335781306583636,4.300941717421901,0.3309625808102433,0.18769172696854847,0.539771841104284,0.07503611272654391,17.760591909837135,0.3635741663990042,22.695052566554256,22.230560275933318,2,Developing
Colombia,0.020782539182528502,10.896373161650496,3.474114168445724,10.20181563915908,25.876200341058947,0.0602987768795354,5.6145308278973545,0.017764352329375635,0.18232155679395465,0.1380212978973747,4.347793463031639,4.2462950211397565,0.45058554338863394,0.26531847636492256,0.4970387118695196,0.0510586514764403,17.595811564036943,0.5531332833699147,21.433988430843776,21.410820485835863,2,Developing
Comoros,0.03751808106560819,7.353623832492632,3.2157941583307927,9.212491901928633,19.85029486367331,0.038924811390506776,3.3239286008713442,0.06564367945585523,0.022814677766171347,0.1045678939238896,4.1221592504049775,4.0749264763649995,0.2013697517646491,0.34886762289118706,0.43994085387722,0.029484116853705812,13.336033520427415,0.24643931634686117,18.19368363587043,18.8574457381836,0,Under Developed
"Congo, Dem. Rep.",0.04453202690809416,8.111304916862704,3.9408347026666917,9.901736019497323,23.488088350324485,0.05652573510848304,2.4720032449520923,0.09740588437854374,0.0,0.1681673700563941,3.9227346610230738,3.859919666443851,0.10227884912041818,0.3781729658201569,0.4134841515141248,0.027615167032973367,17.743907175418784,0.3219720102342746,19.478924998345956,19.387957034360557,0,Under Developed
"Congo, Rep.",0.03811062978304216,7.857331988489759,3.7745277230065244,7.68736240246861,22.77299711824742,0.024242229757356765,3.9257741770409704,0.055725764155672305,0.022814677766171347,0.14622927831520427,4.047091677371555,4.000315612573824,0.3309625808102433,0.3517397087520014,0.4341771491604698,0.03432710214187732,15.120135514055606,0.4788585393240174,19.528913279298884,19.349811766248664,0,Under Developed
Costa Rica,0.017159620282826346,8.923160737383922,3.9408347026666917,8.461615428142213,23.976159389228297,0.08172177063082854,6.2459576786382005,0.009340853461149053,0.2384110234449982,0.18483442254160581,4.406719247264253,4.3487879931981475,0.3309625808102433,0.24240304471453564,0.5099637139668955,0.058776761727955214,15.293209825884185,0.5114408191099087,21.362931095528275,20.106509736407663,3,Emerging
Cote d'Ivoire,0.03625774802262424,8.888884060699002,3.694632106603386,9.136254884776774,23.61075148260139,0.059356850207712676,4.144354982796762,0.08299691957096791,0.0,0.11332868530700319,3.9073969370393637,3.875997183171384,0.3198513553851726,0.35109014718320575,0.43790747603475033,0.029484116853705812,16.694509258925137,0.38975256653446233,19.123778260315973,20.052030673192576,0,Under Developed
Croatia,0.009493257637318463,9.92025768298898,3.128782781341163,9.114159813502214,24.569455258790533,0.0689518450043512,6.647688373563329,0.005599677118186266,0.3086152821182467,0.10186209562407579,4.382026634673881,4.292564705083854,0.6089291014759282,0.14795570636685543,0.5133762143963077,0.1568722477245913,15.299429900185018,0.4490647797704666,22.555379499144944,20.580549535898218,1,Highly Developed
Cuba,0.011092100720307797,10.129789188769562,3.332204510175204,9.365165549553407,24.54812646180208,0.08108358589014711,5.999127419853552,0.0055231806561103335,0.10227884912041818,0.11332868530700319,4.394449154672439,4.343805421853684,0.03030534949532895,0.17447030338673064,0.5283178919289861,0.10726639063145728,16.23659035810279,0.566274885529611,21.520565111459,19.972489545668473,2,Developing
Curacao,0.013339207296116783,9.163563180417254,3.332204510175204,9.579003173560242,23.518315240553033,0.05921185963184609,5.2390980068880655,0.020782539182528502,0.09531017980432487,0.11332868530700317,4.373057964691121,4.280626520232152,0.6931471805599453,0.18232155679395465,0.5127380795703199,0.12234404698394602,11.895355871108672,0.6420794246464554,19.882943592612747,19.39846966931263,3,Emerging
Cyprus,0.012156577706466793,8.97548426492529,3.0297620221403023,8.086504945398643,23.620359842845726,0.06412978376967923,7.092509771222923,0.003992021269537453,0.325422400434628,0.08667157567395775,4.405780720681989,4.352756252373768,0.5396373210045363,0.17891833650606698,0.5275011949688914,0.10408277661994414,13.857644847971105,0.5193888544264784,21.66609363359911,20.881846252288824,1,Highly Developed
Czech Republic,0.010026489415331241,11.479321746921794,3.3071684320138792,10.68746636770288,25.709719326336476,0.06765864847381481,6.859776324154956,0.0042218446895554325,0.36890751237436675,0.059356850207712676,4.389689507419451,4.309249137991758,0.7271769291462566,0.13902588559864348,0.5336102258919246,0.1360762287037089,16.14928469197281,0.5512290691683214,22.462759879675986,21.85295432253261,1,Highly Developed
Denmark,0.011624480852287367,10.672728232784754,2.4849066497880004,9.852902509303798,26.144610851033384,0.09593935246306118,7.195187320178709,0.003915401723853876,0.5748832600662112,0.10463717718854475,4.399186254956708,4.343805421853684,0.7121953755306398,0.16883356553628026,0.5062613772683597,0.1458304482115395,15.512030838457822,0.6209899671603991,22.411429614250277,22.230560275933318,1,Highly Developed
Djibouti,0.02851269888080907,7.528910590058257,3.530875204970688,9.215588116906538,20.5784894530938,0.06995650960267023,4.347793463031639,0.06701142253341884,0.022814677766171347,0.1073354871939308,4.114649828382847,4.064413895975912,0.08829260714567834,0.31413673397313374,0.4678860040439565,0.03373230658530821,13.57852598706612,0.5699359774850302,16.223840798020618,16.641913492243475,0,Under Developed
Dominica,0.014231582246724332,4.765018886929988,2.9444389791664403,9.175024026848615,19.793959441792747,0.05227614456537099,5.715930608591849,0.0119285708652738,0.31237468504215243,0.09531017980432485,4.3481250829982,4.276666119016055,0.6418538861723948,0.262364264467491,0.4959150110302365,0.050693114315518116,11.16415255092735,0.5122246446796981,18.078190449090098,16.182634265845888,3,Emerging
Dominican Republic,0.02296504240069268,9.846929410985402,3.5103966736271475,8.951111188004164,24.348149020189293,0.05456102645393112,5.363816964165158,0.028138825170991724,0.16290347093685303,0.18158410545636708,4.331744974161175,4.247395736715942,0.41566927828240613,0.2827468372650499,0.48000155987995363,0.05550747914734749,16.0642876345531,0.5228606042933622,22.02456776093903,20.012424575813167,2,Developing
Ecuador,0.022889862909622423,10.131208304772935,3.934085520691763,9.295458933078509,24.60766729473817,0.05906684803066389,5.395374271687303,0.02334085510006868,0.1228981363231539,0.11887645474980839,4.366522448137917,4.290459441148391,0.4456715285862049,0.2803669203094838,0.4819036956001686,0.055725764155672305,16.455834014274167,0.4815710829245593,20.226317832665853,20.340765772704884,2,Developing
"Egypt, Arab Rep.",0.023866755716975132,11.484372449063681,2.991878704238001,10.770618744337662,25.6703890483875,0.050912452645770524,4.535902551482513,0.02506777672908057,0.1497453863593419,0.11860321204027309,4.2915126271330495,4.2251478780523675,0.3528213746227424,0.28286278601583204,0.4814285007613463,0.0531031939922265,17.760591909837135,0.35751305416467916,22.55780231165175,21.504142086070047,2,Developing
El Salvador,0.02130978658675106,8.833866317218604,3.3804712511450385,8.541300266759471,23.631892183641074,0.06837729744473686,5.348205828466531,0.019350036204498388,0.07410797215372189,0.11470136911897535,4.338797900123062,4.208131018193999,0.5260930958967791,0.29850787678263535,0.4629112298439761,0.06152918994686177,15.625454327100538,0.48342280341663363,20.296734227796943,19.483532994550863,3,Emerging
Equatorial Guinea,0.0370734389951433,8.546378510927017,3.84522552450463,9.25103189644713,22.812216466134842,0.029260027216913724,6.129385330707113,0.08136727383531211,0.022814677766171347,0.14622927831520427,3.9512437185814275,3.901195366776083,0.2384110234449982,0.34020153786121576,0.4464101719781533,0.03149866705937099,13.343268856872335,0.32924840526815696,20.253385278650214,19.814828801785346,0,Under Developed
Eritrea,0.038554811016285315,7.592560066033737,3.8941723180110572,7.491688374568266,21.09475277707524,0.03239272165625176,2.2713325494899412,0.0452674832919102,0.03030534949532895,0.11332868530700319,4.134550982700141,4.056456294302598,0.1497453863593419,0.3647499454880162,0.43168251133529034,0.019802627296179712,15.429622667759116,0.1765356197269107,19.18793590130889,19.972489545668473,0,Under Developed
Estonia,0.010787756199964254,9.648446408448418,3.206491765668479,8.558438480949901,23.461398511708975,0.0531031939922265,6.462669377699352,0.005523180656110333,0.4603417183339986,0.06477887686520348,4.377207348237933,4.230756417711977,0.7197142079446671,0.1472920482591414,0.5150321485373542,0.15509528848904133,14.11820626351426,0.522404483139678,20.91997063749331,20.23725789774884,1,Highly Developed
Ethiopia,0.03759216885967801,8.722580021141189,3.209602188082872,10.253941261584687,23.682911332418566,0.043206840820029874,2.390877700139724,0.06441832160620463,0.0,0.08970006691355807,4.091777166716855,4.053789626055683,0.03774032798284703,0.37542875596037667,0.4138401953621423,0.031349580216008754,17.760591909837135,0.14961292725589634,20.570204308534766,18.478223708672207,0,Under Developed
Faeroe Islands,0.012916225266546327,8.797901000130683,3.332204510175204,9.579003173560242,23.180147432649328,0.05921185963184609,5.2390980068880655,0.020782539182528502,0.6061358035703155,0.11332868530700317,4.442651256490317,4.382026634673881,0.7731898882334818,0.262364264467491,0.4959150110302365,0.050693114315518116,10.810495330811365,0.3428802329165431,20.418098451510463,19.972489545668473,3,Emerging
Fiji,0.022664290518726468,7.778436935500645,3.7674417766170385,9.229033787038796,21.777702760070948,0.03670275285085347,4.859812404361672,0.019878039233925192,0.1228981363231539,0.07453645177178925,4.28411692517192,4.203543854187092,0.36890751237436675,0.2695572675932326,0.4995157537735459,0.04173234925238448,13.636043753254532,0.40725837104549717,20.309729786189337,18.492643569065354,3,Emerging
Finland,0.010939940038334362,10.866586999626183,2.960503581670247,10.464592341249581,26.02357190173605,0.07987701347363785,7.195187320178709,0.002918813040810851,0.5441116013994574,0.0882926071456783,4.4262275296596725,4.3428059215206005,0.7743726204825311,0.15864605497613563,0.5102408374271699,0.15047359797008644,15.479217561170174,0.6044840905927975,22.01588329939151,22.03612064179539,1,Highly Developed
France,0.012916225266546327,11.484372449063681,2.7233176732329984,10.873006206198845,26.239006144556786,0.1045678939238896,7.195187320178709,0.003992021269537453,0.42577037426890996,0.09496046831273838,4.4471659368448435,4.359663038587023,0.5792029212107276,0.169937497594233,0.500542160507307,0.15298516571464982,17.760591909837135,0.5730200535129395,22.695052566554256,22.230560275933318,1,Highly Developed
French Polynesia,0.01799103259782899,7.67358083888621,3.332204510175204,9.579003173560242,23.45567733317531,0.05921185963184608,5.2390980068880655,0.020782539182528502,0.24445333790096083,0.11332868530700319,4.356708826689592,4.290459441148391,0.4307829160924542,0.23913803183761548,0.5154916440194085,0.05397814847750141,12.455918945355656,0.44680389214663324,20.183829680854195,19.492264363657213,3,Emerging
Gabon,0.032467190137501496,7.965225008934267,3.8386248404732783,7.910110786113683,23.075768739104863,0.03283944938313604,5.4777501394361,0.04754396674245589,0.052446475372542496,0.14622927831520427,4.14191297914121,4.1058169633843375,0.5306282510621704,0.33206694315329655,0.438552653356815,0.0541238998259594,14.165825442612526,0.6079662950302852,19.872474705030875,19.73461117601334,0,Under Developed
"Gambia, The",0.04305948946044697,7.477560733723394,3.3458472865789903,9.21486090816942,20.443052669625626,0.043501478417918585,3.158635744490844,0.05470669287807799,0.052446475372542496,0.2128911748498584,4.081441157386193,4.038994467138935,0.34740130715340317,0.37812026350914835,0.4154154389613325,0.025142792670003185,14.216047748937678,0.4254688212686855,19.24012165424338,18.563781596259705,0,Under Developed
Georgia,0.012916225266546328,8.658051522504131,2.7580606216768717,8.253207613329847,22.84617655761991,0.08370463368401693,5.142113297908936,0.02085787726219649,0.11607217125275403,0.17508388949372408,4.352756252373768,4.253974707813985,0.38473897759104747,0.17149391814189122,0.5144344885880651,0.13129813152152192,15.296735009181031,0.4228011463507966,19.993933333850403,19.38883384283076,3,Emerging
Germany,0.00834965975413544,11.484372449063681,3.2986818181365605,10.873006206198845,26.239006144556786,0.10345870836822998,7.195187320178709,0.003838776307165681,0.5031035776720805,0.10871641677884256,4.418840607796598,4.351765662892072,0.6815416344396374,0.1330505077871719,0.5107025392683278,0.17492245596362935,17.760591909837135,0.5521152012599793,22.695052566554256,22.230560275933318,1,Highly Developed
Ghana,0.03276500861933943,9.001687475997192,2.9565115604007097,9.13197958241839,23.706864983327065,0.05317613611268628,3.84850959970582,0.05645303691500112,0.03030534949532895,0.11332868530700319,4.112134103785599,4.080141612044107,0.2915208487589466,0.33614251193833333,0.44901568435351397,0.03298831428850958,16.907081399672904,0.39204208777602373,20.38757790945898,20.181848828443634,0,Under Developed
Greece,0.009874166490436568,11.313266479778829,3.332204510175204,10.264770325644054,26.096067507498955,0.08857425761930472,7.147922335455816,0.004910998206627252,0.26236426446749106,0.10442931299240397,4.420692460177672,4.357694534014351,0.6697998165629542,0.1363447391436654,0.5128696870905636,0.16896350316640069,16.220748450983717,0.5585602860342807,22.695052566554256,21.890363176185673,1,Highly Developed
Greenland,0.015418975805042322,7.5816020138239315,3.332204510175204,9.579003173560242,22.31805973255811,0.05921185963184608,5.2390980068880655,0.020782539182528502,0.4307829160924542,0.11332868530700319,4.293615677329829,4.219507705176107,0.570544858467613,0.262364264467491,0.4959150110302365,0.050693114315518116,10.944535915291128,0.6057021431196469,20.418098451510463,19.972489545668473,3,Emerging
Grenada,0.018821754240587758,7.413923921980481,3.1152232515555305,9.213726938772345,20.34435351522269,0.061529189946861754,6.0340081357573405,0.012384532572390644,0.17589066646366422,0.09991494619107313,4.31748811353631,4.250690632612795,0.46518434280978666,0.2627783798932926,0.4849396070444092,0.0723922153702187,11.546110247007404,0.30640946125269725,18.442743268997773,16.148401097468568,3,Emerging
Guam,0.01904819497069448,9.163563180417254,3.332204510175204,9.579003173560242,23.518315240553033,0.05921185963184608,5.2390980068880655,0.020782539182528502,0.3528213746227424,0.11332868530700319,4.389689507419451,4.322603214203081,0.37421256460406,0.25392639872955797,0.49802091535813137,0.06348026907863878,11.973372032176323,0.6611403844248589,20.418098451510463,19.972489545668473,3,Emerging
Guatemala,0.033509167010578926,9.318691028089543,3.566277132021604,9.073550930416758,24.18045459050181,0.06427406309470228,5.077574776771365,0.03216928293339165,0.07410797215372189,0.13748510485503762,4.309249137991758,4.210416733474855,0.5260930958967791,0.3555743384946993,0.4254688212686855,0.042101176018635396,16.38424008111473,0.38943995255807173,20.657208214907826,20.243988572530252,2,Developing
Guinea,0.038924811390506776,7.837281116097601,3.627413132013335,9.579003173560242,22.077592658001162,0.056598428017321796,3.1618983901256605,0.07987701347363785,0.0,0.1183982310003015,4.003128553950439,3.9875585295730533,0.18232155679395465,0.36036045179590837,0.42752762337178163,0.03194579427451082,16.11107465364592,0.2872011876144302,19.47074899550545,17.428505341524293,0,Under Developed
Guinea-Bissau,0.03907277321662565,7.401700770032232,3.6714202327421677,9.214056535402712,20.272624697728332,0.05725242651463571,3.295836866004329,0.08991101512655425,0.0,0.11332868530700319,4.007333185232471,3.9615455021092534,0.2741291060470774,0.3549812026761724,0.43447608793007186,0.029185319510779097,14.19278815600038,0.3489761533883633,18.998676045335426,18.661694445974017,0,Under Developed
Guyana,0.0216109460529634,7.931340040685662,3.475305353815877,9.22636513304888,21.119360564511044,0.05579851523787673,4.740910675222472,0.03432710214187732,0.1497453863593419,0.1402300602156528,4.232991055513394,4.139464997502571,0.3582122232576188,0.3123371608859725,0.46759688921517056,0.03677690107318381,13.551054106398896,0.24962068701834605,17.81300531255804,17.840862266556567,3,Emerging
Haiti,0.027989236539448757,8.055694828094888,3.9408347026666917,8.135301871373342,22.362355295461615,0.05768818801474059,3.530875204970688,0.063696820853405,0.06693948267510934,0.18377882779193302,4.139464997502571,4.082739016101793,0.18232155679395465,0.3202981829171824,0.4574735313454988,0.04158478044816184,16.054204903559775,0.3752173506427456,18.858935681335133,19.504829973974815,0,Under Developed
Honduras,0.028138825170991724,8.928334467253404,3.4450915752193807,8.480433447592317,23.186407599638585,0.07653359936856025,4.884548647921313,0.024767656678808654,0.08122543992258587,0.1803645148308422,4.321582285068974,4.255067007212594,0.40032370860774574,0.3302440907138415,0.44911387277717774,0.04077276253915027,15.769384864799562,0.39985968343894424,20.00187744933348,19.62041380703301,3,Emerging
"Hong Kong SAR, China",0.009721820359733627,10.438380452697617,2.6168341928305483,9.534395171003505,26.01527891277867,0.05921185963184608,5.2390980068880655,0.020782539182528502,0.4554755286828257,0.057542955279026746,4.458809597276907,4.3849070975392355,0.8913673234216982,0.13136558742225243,0.5522480533736303,0.11538700507315754,15.743741310446543,0.6931471805599453,22.695052566554256,22.230560275933318,1,Highly Developed
Hungary,0.009569451016150707,10.789797947181503,3.1780538303479458,10.158684178914537,25.38840019424178,0.07560684827745777,6.727615954770315,0.007204752557362889,0.3582122232576188,0.09468061103812098,4.36260854881678,4.252881213992613,0.6618946370558408,0.1436340348023321,0.5220394363640065,0.1484200051182733,16.125461006167495,0.5127314987396218,22.382694657759934,21.70266137074105,1,Highly Developed
Iceland,0.014433791382211,8.100744911566032,2.5470384308950065,8.379009234136696,23.30729890765062,0.09152680809462532,7.195187320178709,0.002381776701232193,0.5962973545700276,0.13748510485503762,4.434473110046424,4.391596085690033,0.7008100533055145,0.1976521582451769,0.5082993585202826,0.1122979344856282,12.622013460547205,0.6582371629937486,20.24050424845328,20.420704384080828,1,Highly Developed
India,0.022739486969489426,11.484372449063681,3.6077945368619564,10.815553990013585,26.239006144556786,0.04032956560472778,3.6396084051071536,0.05281137229321238,0.03030534949532895,0.10802619035718257,4.202393767803855,4.156476343329107,0.21386991452888054,0.27611543608031547,0.491125145098616,0.04673677535758988,17.760591909837135,0.25916388243163524,22.522370062333952,22.208683030760994,2,Developing
Indonesia,0.020481130092762666,11.484372449063681,3.900417459307838,10.815553990013585,26.162370173072258,0.02619242539495073,3.954197930478859,0.031945794274510816,0.04512043528046959,0.14076478384312552,4.277733924776886,4.220638287546393,0.3528213746227424,0.2624234343145542,0.5014277556617863,0.04776399681411992,17.760591909837135,0.38342921970898397,22.493487328043788,22.186788297787686,2,Developing
"Iran, Islamic Rep.",0.01836871889608304,11.484372449063681,3.174843554717697,10.815553990013585,25.997495822268377,0.055434706888100586,5.584941186940885,0.020782539182528502,0.09531017980432487,0.11928617887463336,4.31028272981504,4.267004208104319,0.2915208487589466,0.23707680043186152,0.5210348700694808,0.04754396674245589,17.760591909837135,0.5193430930719345,21.18336480800414,21.977522195559672,2,Developing
Iraq,0.033285977633466746,11.307028486680085,3.502318153061946,10.231938695030765,25.160578570694366,0.031796774081999,4.4632520745964674,0.03194579427451082,0.022814677766171347,0.13210730216580763,4.297808555589865,4.2138355402236405,0.3582122232576188,0.349138927051944,0.4367649877700018,0.03373230658530821,17.151183639092753,0.5237266617351922,20.42827507099494,20.5396203283919,2,Developing
Ireland,0.015494719035527313,10.53898117406754,2.8988824475640733,9.563869604116777,25.968068043364394,0.07617725827509852,7.195187320178709,0.004375030964364792,0.4054651081081644,0.07795769530846923,4.413264385169161,4.355722146787147,0.6892936112439554,0.19138294225872168,0.5169147397217415,0.10636770058445251,15.262464255230176,0.47465625053642424,22.53883572878656,22.15765414947799,1,Highly Developed
Isle of Man,0.010939940038334364,9.163563180417254,3.332204510175204,9.579003173560242,21.809466075723652,0.05921185963184609,5.2390980068880655,0.020782539182528502,0.09531017980432487,0.11332868530700317,4.360973225476049,4.276666119016055,0.4054651081081644,0.262364264467491,0.4959150110302365,0.050693114315518116,11.291854763816948,0.4180522236136358,20.418098451510463,19.972489545668473,3,Emerging
Israel,0.021234482546653725,10.949827660306225,3.122025998878283,9.93969707981158,25.860739849767796,0.07332194903275675,7.195187320178709,0.004375030964364792,0.34740130715340317,0.07410797215372189,4.425307143032344,4.39634668844863,0.7492366472109889,0.244272598677045,0.48323304109337334,0.09698709467464953,15.772946479924284,0.65011922906371,22.175779997604998,22.121498270501668,1,Highly Developed
Italy,0.009493257637318463,11.484372449063681,2.7677694358038325,10.873006206198845,26.239006144556786,0.08335083923489932,7.195187320178709,0.003838776307165681,0.3309625808102433,0.05587126102774623,4.4444595752471,4.375273111658102,0.8160453168830992,0.13197248585282959,0.5082530868593531,0.17936848281121484,17.760591909837135,0.5179692777713704,22.695052566554256,22.230560275933318,1,Highly Developed
Jamaica,0.016705831135725886,9.252684899162814,2.819545705327552,8.408613825600511,23.17887499770388,0.04886342155930397,5.386257799011434,0.017386437658009613,0.15634607039069398,0.17097538040665305,4.326676539590717,4.250690632612795,0.570544858467613,0.26685122441009057,0.480667719021452,0.0741793981742515,14.790939544209456,0.4252174576195727,21.354455777911163,19.39813894046717,3,Emerging
Japan,0.008731004379890937,11.484372449063681,3.2639962601486703,10.873006206198845,26.239006144556786,0.08243038744052583,7.195187320178709,0.0026886899239283164,0.5031035776720805,0.01753762066532758,4.461477451238099,4.381064633637691,0.5877866649021191,0.12886668361284875,0.5048694594451525,0.18456263344826784,17.760591909837135,0.6219403215488083,22.653939620886348,22.230560275933318,1,Highly Developed
Jordan,0.02933472934222393,9.782379765243991,3.08226276570627,8.843082149662507,23.576339651967857,0.08709470685093376,5.585518554162467,0.019727209671044982,0.15634607039069398,0.08808131721990019,4.321582285068974,4.2809305178025125,0.5077439572285826,0.3155404005801774,0.46783782404346536,0.03202029604396231,15.528060486227886,0.5956615592746883,21.644008184521695,20.613365116721557,3,Emerging
Kazakhstan,0.019274584437004937,11.484372449063681,3.174843554717697,10.714894578137717,25.2234240120837,0.038628822043962216,5.442750655422489,0.026417203427590838,0.11607217125275403,0.11332868530700319,4.296761983019193,4.140689737398466,0.5215372793609184,0.22639978249598053,0.5160427600432778,0.06837729744473686,16.55832647963381,0.4351732643937472,20.70658908924484,20.89281385144598,2,Developing
Kenya,0.037295784743696894,9.16484400805523,3.6743513535510264,9.710821910454825,23.883590879491713,0.04372239966039449,3.364639785928358,0.057542955279026746,0.08122543992258587,0.14795570636685543,4.06836907581884,4.023977120071983,0.2444533379009608,0.3573516380065713,0.43412731734284393,0.026567027384721796,17.42468123197799,0.19948117707678095,20.840775331809308,19.009748644558975,0,Under Developed
Kiribati,0.0246926125903715,7.319355375657818,3.38569319512619,9.211593432721392,18.556355857644842,0.09887026872725806,4.874022234934325,0.04871690141252169,0.04512043528046959,0.11332868530700319,4.255067007212594,4.172017600540318,0.03774032798284703,0.3095752731567636,0.47038817068481364,0.03603517132548545,11.427763844656845,0.36180790158892306,19.64962379879649,19.49950887009228,3,Emerging
"Korea, Dem. Rep.",0.015343226837085791,11.112414602755665,3.332204510175204,9.87687107126586,23.518315240553033,0.05921185963184608,5.2390980068880655,0.028587456851912555,0.09531017980432487,0.11332868530700319,4.28411692517192,4.180286992022825,0.30294954458256934,0.21647521344064385,0.519846352833214,0.07367930886216825,16.98915154422713,0.469282215243064,20.418098451510463,19.972489545668473,2,Developing
"Korea, Rep.",0.009874166490436568,11.484372449063681,2.8988824475640733,10.873006206198845,26.239006144556786,0.05863168701422332,6.912819357939159,0.004528193776733441,0.5396373210045363,0.06174616459784136,4.42161710194489,4.336787849195037,0.6214032757011039,0.16844365131246838,0.5426373008665963,0.09173737135211503,17.696787318681576,0.5943462999578201,22.69313930579162,22.230560275933318,1,Highly Developed
Kuwait,0.02130978658675106,11.006474872168603,3.5172695529149096,10.119795486467812,25.27488318198149,0.02731581064696293,6.8413688977560865,0.009950330853168083,0.29725152346793166,0.06535549501582039,4.327692283710552,4.303025051508755,0.5920510636885765,0.22646111901883229,0.5408473509547632,0.028064033652315076,14.72982031361542,0.6841064359077962,20.021621117893094,22.13769902348036,2,Developing
Kyrgyz Republic,0.02281467776617134,8.700667929195184,2.9763141876968895,8.158119769030714,21.968414902160248,0.05841403547347947,3.7576158824657475,0.03231824762903431,0.1022788491204182,0.1999851458413849,4.299898420509324,4.186152111475224,0.36890751237436675,0.2743045292560177,0.490465918253628,0.04996163889704981,15.468646026218758,0.30238120128793006,19.48777590729229,19.315512096338647,3,Emerging
Lao PDR,0.02836316617025007,7.8926818955541185,3.9408347026666917,9.579003173560242,22.186492095882468,0.03751808106560819,3.24918117436353,0.06600379325570643,0.03030534949532895,0.19749432747100495,4.208131018193999,4.168452534375823,0.2262157503511799,0.3336661053127269,0.44901568435351397,0.03633192924739028,15.599440636835938,0.2513571624105252,19.20000562534052,18.068391786180083,0,Under Developed
Latvia,0.009493257637318463,8.925546432542507,2.972384909557,8.551431096775087,23.70177072827143,0.06210768443114145,6.343339528095563,0.010635549198148337,0.38473897759104747,0.08674210997128905,4.36260854881678,4.216108268474643,0.5877866649021191,0.14129922169404513,0.5167312282288192,0.15858041448905966,14.608643613565507,0.517877622943388,20.282850884088962,20.32965328735129,1,Highly Developed
Lebanon,0.014585421405246022,9.667989147203198,3.3512527051458987,8.714251776650295,24.010590785314854,0.08143818324856643,6.300362275210312,0.011776537417622539,0.2076393647782445,0.10919929196499198,4.386822806937374,4.336787849195037,0.325422400434628,0.2338552069091375,0.5060759001278856,0.0748220028873789,15.190988400121444,0.6243328645595857,22.400369587088008,21.938361171647585,1,Highly Developed
Lesotho,0.028587456851912555,8.79668799329491,3.7815638118405936,9.212069645151855,21.106077379064235,0.08129635939355634,4.237445405862774,0.07760186140797766,0.0,0.128393214768399,3.8501476017100584,3.8402791005693047,0.2262157503511799,0.3306310341420131,0.44700069411528814,0.04364876466901333,14.481290455073264,0.20469754185732378,17.085371975577036,19.316454751549927,0,Under Developed
Liberia,0.03877682766844611,7.592288542981701,3.3566290621822787,9.579003173560242,20.548049952408217,0.0880108773227133,3.295836866004329,0.07813556478831422,0.015267472130788436,0.15344713569481763,4.060443010546419,4.030831156499775,0.162903470936853,0.35960909663792934,0.42953213419080166,0.03008144383331205,15.060981863927914,0.38122495724411026,19.682414347583588,19.218187944341057,0,Under Developed
Libya,0.022137756977658966,10.754418913647307,3.35394449681161,9.758866322925,24.648661652567956,0.03358355240132249,5.645990375917484,0.01844423904111761,0.03774032798284703,0.061529189946861754,4.338797900123062,4.290459441148391,0.5661875530986573,0.267557854989488,0.500728666779121,0.0422486686442715,15.553375606518236,0.5714140458321998,19.389709883181315,20.823876629870416,2,Developing
Liechtenstein,0.010711655594927717,9.163563180417254,3.332204510175204,9.579003173560242,22.604313426013192,0.05921185963184608,5.2390980068880655,0.020782539182528502,0.5123629030848772,0.11332868530700319,4.43629626460794,4.374304588579971,0.5618111784988584,0.262364264467491,0.4959150110302365,0.050693114315518116,10.462358007835121,0.13714983814723364,20.418098451510463,19.972489545668473,3,Emerging
Lithuania,0.010026489415331241,9.468857007115982,3.2639962601486703,9.105261867831423,24.10192292236707,0.06268584445302813,6.351556722577667,0.007433838885729134,0.34740130715340317,0.07703226367096844,4.371393378372513,4.21269723617358,0.7636773313657832,0.15535874103617536,0.5197548698947181,0.14009633462037463,15.000153978381327,0.5113485639320215,20.679956778928783,20.500314576085515,1,Highly Developed
Luxembourg,0.011700512025104833,9.22839939863589,3.2461916355151637,8.297486036614727,24.42577013440388,0.0723922153702187,7.195187320178709,0.0026886899239283164,0.5169606123335067,0.11332868530700319,4.423463824538055,4.354734492385874,0.8092193518126993,0.16818362400813647,0.5158131652770298,0.13284846717632198,13.074175378051114,0.6254446849710137,21.997962322016726,21.798215751718406,1,Highly Developed
"Macao SAR, China",0.008578483979991823,7.915263912617285,3.332204510175204,9.579003173560242,23.606109280222682,0.05921185963184608,5.2390980068880655,0.020782539182528502,0.3419517023858385,0.0642019260342562,4.409529553563509,4.351765662892072,0.8395758142932934,0.15423858805112928,0.5653575143886745,0.07060183282443423,13.096082265354939,0.6931471805599453,22.555902683936427,20.53832547064687,1,Highly Developed
"Macedonia, FYR",0.011396352643245075,9.314852835832017,3.111804444806745,8.222574294219319,22.66089781357065,0.07567816732323918,5.530344419383112,0.011092100720307797,0.28575714404219654,0.11976397827623539,4.352756252373768,4.289405144793485,0.4937577152538427,0.17705128301022077,0.5274558033527149,0.10581425885465669,14.55192896507165,0.45435294760488637,18.878105597320356,18.55103402354839,3,Emerging
Madagascar,0.03677690107318381,7.992866581700904,3.13382057537112,9.579003173560242,22.623560281058456,0.0460758610687993,2.8377280244107426,0.05215446193784955,0.0,0.2128911748498584,4.157680437393911,4.113392757192795,0.13641185548987675,0.3674170404706345,0.42325464967166265,0.028587456851912555,16.75462227526943,0.26011321203894716,19.806013106538472,18.975891244159385,0,Under Developed
Malawi,0.04143718986417317,7.744069967627299,3.6314947703329836,9.579003173560242,21.970938318054742,0.07174804686209754,3.0147804685246853,0.06830545578372675,0.0,0.2128911748498584,3.9348376831943175,3.9333327920148973,0.0882926071456783,0.3779621399088716,0.4120077607661202,0.030006797470421422,16.41371484289774,0.1411656390061628,17.652478418788796,18.2042454237897,0,Under Developed
Malaysia,0.01904819497069448,11.484372449063681,3.2639962601486703,10.798690570205055,25.85456087523795,0.0351443688020255,5.481599999821542,0.007281120498138482,0.39515573844930313,0.05855914176409177,4.345801430500399,4.286235570032206,0.5835040031101182,0.2611801317062743,0.5051015803347535,0.043575124255120924,17.086446882996242,0.5152159720672836,22.676735254830977,22.117747742555974,2,Developing
Maldives,0.021836756147634095,7.671038267371974,2.6714926053684125,9.219437330432921,21.07093177435388,0.06506722750157282,5.7647087101078585,0.018972720424449363,0.1497453863593419,0.11785140938722272,4.336787849195037,4.307178743877449,0.6131044728864088,0.29284181497923156,0.4785249120778754,0.0447527206228973,12.624698968762315,0.30033248670838913,20.791643135325057,18.782649351007503,3,Emerging
Mali,0.046810183322387025,7.577082542964824,3.2639962601486703,9.579003173560242,22.592909407745147,0.06290256831156109,3.537609237152032,0.09110554852229297,0.0,0.11332868530700319,3.9644694808006884,3.973190466306133,0.2262157503511799,0.3815401495140027,0.408486181093844,0.030379973576554583,16.334725665946507,0.28436889763691797,19.24181513474226,19.005042753547734,0,Under Developed
Malta,0.009874166490436568,8.187556004073247,3.4011973816621555,7.530603790817939,22.61035616676727,0.07959290238429156,7.060608414065489,0.005982071677547464,0.3582122232576188,0.05477951813390889,4.416985319694851,4.361627675761188,0.6089291014759282,0.15949898945030958,0.5271834103787695,0.12459737207611367,12.910345399053572,0.6616565134685745,20.775128201102273,19.542608841190606,3,Emerging
Marshall Islands,0.0344014267173324,4.529008825022528,2.8903717578961645,3.4446824936018943,18.782189027795603,0.11511280710050457,6.278521424165844,0.0321444533265672,0.0,0.11332868530700317,4.330733340286331,4.248495242049359,0.2876820724517809,0.262364264467491,0.4959150110302365,0.050693114315518116,10.860888237466499,0.5318040301511824,15.53827733427679,18.87557074173323,3,Emerging
Mauritania,0.035812545076931365,7.978680090310639,3.60151836563272,9.579003173560242,21.6943669685924,0.05171628183882078,3.6088367464404,0.07060183282443423,0.007662872745569125,0.18893425998384555,4.143134726391533,4.0943445622221,0.34195170238583855,0.3464769670391979,0.4410302325440038,0.030976765835968284,14.992015315203798,0.43023276478697303,20.418098451510463,19.972489545668473,0,Under Developed
Mauritius,0.014054615705579148,8.38873025114015,3.125410096862524,9.245031611766112,22.738967230908916,0.04423769283680075,5.665361441673484,0.013902905168991422,0.18232155679395465,0.15384294017257544,4.345801430500399,4.248495242049359,0.4984415645662691,0.20945022418220724,0.5289979635894093,0.06758675516345636,14.036266831227207,0.3465857572916986,20.99358653136094,19.616466280729856,3,Emerging
Mexico,0.021159172835430874,11.484372449063681,3.3552876803580776,10.873006206198845,26.239006144556786,0.0567437979841427,6.2084352393151105,0.016478859317085513,0.18871135489272564,0.07966393772440314,4.372364723762145,4.309249137991758,0.4054651081081644,0.27559002668675225,0.48702146253964373,0.05354076692802982,17.760591909837135,0.5686299827845794,22.695052566554256,22.230560275933318,2,Developing
"Micronesia, Fed. Sts.",0.02566774674857779,7.361766321193798,2.972384909557,9.579003173560242,19.390153398939237,0.1030424463946878,5.665627859684918,0.03558986925489417,0.11607217125275403,0.14036376793078714,4.2451930926536,4.2251478780523675,0.2262157503511799,0.32425505268262117,0.45625571206548526,0.038184673691113453,11.566019176095988,0.20130685670503531,18.158316492484875,17.564109270330558,3,Emerging
Moldova,0.011928570865273802,8.560930317424278,3.145477659913333,8.328302412143897,22.098262628446324,0.09377053361873205,4.785566814372461,0.01844423904111761,0.16290347093685303,0.17792086228529375,4.289405144793485,4.175570002144687,0.3582122232576188,0.1744056934690858,0.5304472392053995,0.1039441284394794,15.09399516717823,0.37325972984878814,18.954020254236337,19.258926775140342,3,Emerging
Mongolia,0.020782539182528502,9.131863105027351,2.873129951461659,8.237194347736937,22.1295879972379,0.057542955279026746,4.548192751245551,0.03566410003843418,0.08122543992258587,0.19820436986669737,4.251786523133432,4.139464997502571,0.39515573844930313,0.25755984228375906,0.5120402703993877,0.03677690107318381,14.761353609609372,0.49131341583248656,19.244518752463748,19.200358421250126,3,Emerging
Montenegro,0.012536473619556768,8.732974321886106,3.091042453358316,8.891088245301644,21.77449372969742,0.07475062275244013,5.845994034111991,0.00880725585730026,0.2504593619611727,0.10213995058557442,4.350774091169777,4.283055917114827,0.7884573603642702,0.18296237706580393,0.5155835177849194,0.11744109686009573,13.331690192636884,0.4819512026668537,20.46299937185834,19.473920103470057,3,Emerging
Morocco,0.02085787726219649,10.564169152572662,2.907321316209938,9.506476988451938,24.947371894410008,0.05237348000771574,4.81655253704517,0.03373230658530821,0.2076393647782445,0.11559260422407197,4.276666119016055,4.229637223414962,0.45058554338863394,0.2654364635044612,0.49867518213537276,0.04813060604944647,17.23229799103606,0.4433535732663064,22.437368638711053,20.986103362958286,2,Developing
Mozambique,0.041879896283268166,8.067124910673915,3.530875204970688,9.118081685472994,22.76772326921025,0.05964676830788065,3.1083739097099556,0.08384611642335878,0.0,0.17914343498760266,3.9212114314825524,3.872802292274865,0.1228981363231539,0.3701832939635247,0.41881154431123435,0.03157320214679789,16.89011872263137,0.2639606227454234,18.890203494613758,19.06253463538792,0,Under Developed
Myanmar,0.018746262601250962,9.24565553941075,3.412669782824392,9.559983729073563,23.518315240553033,0.020405763623269253,2.2553322081435003,0.04835050709486256,0.007662872745569125,0.1455644730786463,4.200089619319005,4.137011008541004,0.007662872745569125,0.24529635595534302,0.514342509191385,0.04835050709486256,17.735695595125197,0.25874826716663524,18.92145603792546,18.19368363587043,0,Under Developed
Namibia,0.02843793532053351,8.156973510776695,3.9408347026666917,7.7389907613592115,22.76987322272088,0.0689518450043512,5.611723414486918,0.04261730506235106,0.03774032798284703,0.11353470803890656,4.119662370206391,4.038994467138935,0.3528213746227424,0.3297463719146825,0.45464591635698187,0.03306273843173598,14.540567471948874,0.32007479410803263,19.921676476420313,18.77996766532149,0,Under Developed
Nepal,0.026716828897997213,8.315491195115372,3.4265151896464454,9.169189797838532,23.086674841920818,0.05499796208570045,3.184443628446717,0.04416409578064977,0.022814677766171347,0.08264287460355929,4.208131018193999,4.176751337190518,0.13641185548987672,0.32697674736686516,0.4500952271248271,0.04372239966039449,17.054300153273292,0.14436670876190696,19.425545737106766,19.588388466061446,0,Under Developed
Netherlands,0.011624480852287367,11.484372449063681,2.5941059417529924,10.873006206198845,26.239006144556786,0.09984533496971613,7.195187320178709,0.004451615302905001,0.5618111784988584,0.03216928293339165,4.417913394007406,4.363588460703129,0.7084146526907338,0.16636153721522523,0.5150321485373542,0.13547181647618223,16.610513464249486,0.6052822925802693,22.695052566554256,22.230560275933318,1,Highly Developed
New Caledonia,0.017386437658009613,8.247743887225516,3.332204510175204,9.579003173560242,23.451840339601272,0.05921185963184608,5.2390980068880655,0.020782539182528502,0.27996002635787065,0.11332868530700319,4.385865410981047,4.293615677329829,0.48905182421643,0.23068427919581855,0.5089469370618087,0.07432223491210328,12.373761055593656,0.4998424520239489,19.08376515429639,19.225782043626573,3,Emerging
New Zealand,0.014206303229571173,10.30294232702892,2.503954844758695,9.765034176691135,25.4371096241635,0.08476526662770989,7.157076268692519,0.005370170174593844,0.5123629030848772,0.07060183282443423,4.418840607796598,4.367498534110972,0.621403275701104,0.19379395795619145,0.5082993585202826,0.11655150840713681,15.242114406910682,0.6207832488134097,22.221806567334532,21.619008433340973,1,Highly Developed
Nicaragua,0.02499275516034438,8.540113126800525,3.6314947703329836,8.215609813794185,22.698346628837214,0.0642019260342562,4.473834183927004,0.025517787986956145,0.03774032798284703,0.13217470350711982,4.334773749823336,4.251786523133432,0.3086152821182467,0.3155965062833368,0.4617484953493342,0.04114194333117518,15.526344304776,0.4461147800894359,19.317396518999146,19.26158458400238,3,Emerging
Niger,0.0498884619184946,7.716323734076013,3.243193132518907,9.579003173560242,22.12380116236285,0.06938253914639042,3.0260376230493202,0.07681858084669299,0.0,0.11332868530700319,4.018459864697228,4.015689779823412,0.0882926071456783,0.3994470357826014,0.39443008662665596,0.02506777672908057,16.442575279345228,0.15674072934470815,18.43897394681842,18.802798494887686,0,Under Developed
Nigeria,0.04151098787904006,11.262105310120477,3.411401551836397,10.815553990013585,25.68262901730557,0.058268908123975775,4.0736184317049835,0.0900516225508579,0.10227884912041818,0.1722226572126919,3.9257741770409704,3.908941338890738,0.23233197736861602,0.3626646620161636,0.42883101236720883,0.026941489100387454,17.760591909837135,0.3363623404729623,19.81062229463705,21.743223343576442,0,Under Developed
Norway,0.012384532572390644,10.573466486914796,2.66615925939305,10.236142071377387,26.162409655135875,0.09264930014457513,7.195187320178709,0.0032255615094738013,0.5877866649021191,0.07260684602745474,4.427147069954351,4.3684736682691785,0.6931471805599453,0.17730901497041035,0.5047765960007805,0.13922668209207276,15.363901316058413,0.5763108120573966,22.17397851990691,22.230560275933318,1,Highly Developed
Oman,0.021987267887833947,10.333632765339054,3.2127029657611197,9.577512336605274,24.434496422287,0.02724095754613828,6.023261321189981,0.011092100720307797,0.19506058257138437,0.07310747182013834,4.354734492385874,4.298854033991417,0.5962973545700276,0.2813544026005252,0.5009617507137009,0.024467446529450952,14.76622837211666,0.549720840163968,20.619271909559956,20.8526733543337,2,Developing
Pakistan,0.027615167032973367,11.475223597786217,3.209602188082872,10.815553990013585,25.627188074087464,0.030529205034822874,3.2461916355151637,0.07610597481639493,0.08122543992258587,0.11367203294986118,4.205840066447443,4.181462771111837,0.2504593619611727,0.3202981829171824,0.4580089023460457,0.04077276253915027,17.760591909837135,0.30130045831421814,20.534244967911196,21.078408839531193,2,Developing
Panama,0.021610946052963403,8.916526719235101,2.881788014204773,8.273277697017207,23.747011282773286,0.07396510480581119,6.07711281600057,0.018595262223463103,0.20136975176464914,0.08412902186410269,4.382987711153432,4.311315254429229,0.6172624830350725,0.26567239602885395,0.49051302030022065,0.06051601863425487,15.04760677338683,0.4944616927556369,21.240134702548378,19.85154392003968,3,Emerging
Papua New Guinea,0.03172225565728402,8.454220623021591,3.8419306286077775,9.579003173560242,22.628212150573166,0.04202742154723714,3.828641396489095,0.05281137229321238,0.0,0.11435837477501934,4.156476343329107,4.090490992906111,0.09531017980432487,0.3339415646428988,0.455573084899673,0.026192425394950723,15.64925143548645,0.12303418149035915,17.92726677297855,18.71335036537787,0,Under Developed
Paraguay,0.025367806734331543,8.510462901431634,3.7154464814986583,8.514373836151231,23.318199541767626,0.06909543033017759,5.114302068491522,0.02311538442908982,0.09531017980432487,0.20486990837163777,4.31028272981504,4.252881213992613,0.4603417183339986,0.30294954458256934,0.46846398306014275,0.04747061262542318,15.609904259681555,0.45405989299694755,18.79700748111254,19.05481258933481,3,Emerging
Peru,0.021610946052963403,10.391699401430532,3.7558189367890455,9.57996039641098,25.326651438634606,0.04725051798383921,5.199346648988981,0.020481130092762666,0.19506058257138437,0.19817282313020468,4.334773749823336,4.2626798770413155,0.38473897759104747,0.2747721740882966,0.4877774276122625,0.0537594816155929,17.147955055823648,0.561767317887873,21.313016384688975,20.890668973955908,2,Developing
Philippines,0.026567027384721796,11.058075361969756,3.6984489051300873,10.524016479163311,25.655388738633366,0.03662859913015655,4.124649911717429,0.026866607974140328,0.11607217125275403,0.08702419742026819,4.277733924776886,4.180286992022825,0.4456715285862049,0.31222457996831915,0.4690897502470409,0.0344014267173324,17.760591909837135,0.38080454628621285,21.86942209267483,21.654672514714257,2,Developing
Poland,0.009950330853168083,11.484372449063681,3.4463178169426247,10.873006206198845,26.169287659293193,0.062179972716856234,6.396416703165915,0.006287882077484263,0.3309625808102433,0.10892339183908678,4.389689507419451,4.279866121746726,0.6214032757011039,0.15225878142543897,0.5327075358143797,0.12385006404853595,17.459316647524215,0.4781911734874455,22.599372346523836,22.154101421757442,1,Highly Developed
Portugal,0.0101026421778095,10.878929241730868,3.1354942159291497,10.110839375978324,25.984076098561786,0.09489051133625039,7.157016318451201,0.003838776307165681,0.325422400434628,0.11332868530700319,4.415126583100227,4.331744974161175,0.7197142079446671,0.14423353523660692,0.5137904550760626,0.15963014559188388,16.165826323661904,0.4582035116684464,22.6657966562627,22.056027556369013,1,Highly Developed
Puerto Rico,0.01261243548673599,9.163563180417254,2.5226469777708473,9.579003173560242,25.170995934745054,0.05921185963184608,5.2390980068880655,0.020782539182528502,0.27996002635787065,0.11332868530700319,4.419766962656729,4.318513228951556,0.46518434280978666,0.19702068563010378,0.5060759001278856,0.1163461063318537,15.143936330052577,0.6629654920573339,21.83671621297185,21.100067639858405,1,Highly Developed
Qatar,0.014509609267686494,10.694963080918322,2.960503581670247,9.873099714431607,25.05904181213517,0.025667746748577788,7.086866560145843,0.008731004379890937,0.29725152346793166,0.0800190387543765,4.375273111658102,4.352756252373768,0.625526992884966,0.18609647410176913,0.5767430015359883,0.013144007052581114,13.944608821468572,0.6815027231767675,21.036418831391185,21.086037543118067,1,Highly Developed
Romania,0.010178789141486119,11.290932213346041,2.886089096104164,10.490442675221631,25.495974242822516,0.05054686203006546,5.692176928535893,0.01678147696200349,0.21386991452888057,0.1663778205451666,4.344803924183274,4.247395736715942,0.5260930958967791,0.14802204795974142,0.5278188786040484,0.13574048923438087,16.864070398499752,0.4276279443991531,21.008849556298237,21.01202425375864,2,Developing
Russian Federation,0.010863851014139388,11.484372449063681,3.396055982161737,10.815553990013585,26.239006144556786,0.05521635833015313,6.021023349349527,0.013751171612824423,0.2013697517646491,0.12203041302138166,4.31028272981504,4.1258929199570265,0.6337237600891445,0.14576396106015702,0.5368082107357582,0.12446153942173477,17.760591909837135,0.5511404127561883,22.588698660240667,22.230560275933318,1,Highly Developed
Rwanda,0.03751808106560819,7.5954259523529615,2.7629268113280445,9.579003173560242,22.018399871790717,0.07667610025943196,3.5034762307825735,0.06427406309470228,0.03774032798284703,0.14702646164314567,4.072308673822921,4.029464102288242,0.11607217125275403,0.3708205749197714,0.4225491111653507,0.02499275516034438,16.100508711059067,0.18481843699254183,18.778355195217188,18.25362667110738,0,Under Developed
Samoa,0.028587456851912555,7.3770856046868305,3.3043475556722375,9.213059748042252,19.905144199353227,0.05565300778036282,4.966066974616379,0.016630179586724334,0.03774032798284703,0.10857840960225038,4.3246419508929295,4.236333677010084,0.24445333790096083,0.331570131020862,0.4437484984824775,0.04732388824690451,12.10794785457536,0.19036603610778755,18.294594109121228,18.88712034352517,3,Emerging
San Marino,0.010170328654077389,9.163563180417254,3.382505248650003,9.579003173560242,22.81927851015341,0.05206521859960269,7.195187320178709,0.003327790092674669,0.37538765287088643,0.07025133854425837,4.446565155811452,4.375057965357788,0.6061358035703155,0.262364264467491,0.4959150110302365,0.050693114315518116,10.323600412168398,0.6629743009225759,20.418098451510463,19.972489545668473,3,Emerging
Sao Tome and Principe,0.03625774802262424,7.334228923486493,3.7238381391349065,9.21260703192972,18.823686980229358,0.08398757914816675,4.356708826689592,0.0457819811166438,0.1228981363231539,0.2128911748498584,4.214972550010716,4.1588830833596715,0.27996002635787065,0.35206433138104914,0.4314327049339514,0.03759216885967801,11.988574188339959,0.4615060887352948,15.996362629175833,14.03557324520989,0,Under Developed
Saudi Arabia,0.022664290518726468,11.484372449063681,3.504632968910397,10.815553990013585,26.168590906280627,0.03736988900843124,6.2688048659568585,0.016327516146157215,0.21386991452888057,0.11332868530700319,4.3428059215206005,4.29571431398675,0.6697998165629542,0.29054335967786654,0.4894291115251877,0.030902186278190493,17.02511678951723,0.5943887546904676,22.309143764560844,22.073683886422543,2,Developing
Senegal,0.03833274506178453,8.680619401518156,3.476495121951466,8.23910596648351,23.00053171302421,0.04937607307736078,3.7413259294864787,0.05419676753466655,0.07410797215372189,0.11332868530700319,4.1504340288731445,4.100734360320872,0.2741291060470774,0.36555082115483867,0.4236072323433587,0.030976765835968284,16.271830604823073,0.346422567474381,19.849518696117485,19.238764801938075,0,Under Developed
Serbia,0.009797996326253038,10.130733446953291,3.2901225647408903,9.676519389015624,24.088024696721366,0.09019221020749318,5.933264867356898,0.007968169649176874,0.24445333790096083,0.14697665629902193,4.341805421187017,4.273455843385807,0.6214032757011039,0.16590549629393678,0.5203036420308662,0.128393214768399,15.815879005077152,0.43537236842626154,20.3508634687212,20.388868370976187,1,Highly Developed
Seychelles,0.017915478217527855,7.616510782667479,3.566277132021604,9.218445894829339,20.58513089729575,0.038924811390506776,5.963381578365157,0.011928570865273802,0.2384110234449982,0.10671344618828395,4.356708826689592,4.238555900146801,0.625526992884966,0.2179609138501159,0.5185648294759875,0.07403654103115141,11.349181350851058,0.414551902982037,18.860423407858313,17.23449751393552,3,Emerging
Sierra Leone,0.040033991819970416,7.597550694803044,3.1014773306508956,9.579003173560242,21.404354551907435,0.11511280710050456,4.0657340281808345,0.10926825510422139,0.0,0.2027210396216983,3.789420683335814,3.785499963872068,0.21386991452888057,0.354225793370299,0.43830455749130043,0.024542507516538175,15.45757583833894,0.31598915809037287,17.37961143888572,17.16945508972212,0,Under Developed
Singapore,0.010331065675966452,10.232874306748212,2.3978952727983707,10.112067100203896,25.789578744733436,0.03573832531217395,6.960128758989852,0.0023050336752170135,0.4700036292457356,0.05259245011917058,4.4262275296596725,4.3684736682691785,0.7455936559324878,0.17311261770864478,0.5463857991645416,0.08044499360960289,15.33281653155439,0.6931471805599453,22.539136136216346,22.230560275933318,1,Highly Developed
Sint Maarten (Dutch part),0.012916225266546327,9.163563180417254,3.332204510175204,9.579003173560242,23.518315240553033,0.05921185963184609,5.2390980068880655,0.020782539182528502,0.09531017980432487,0.11332868530700317,4.356708826689592,4.290459441148391,0.4054651081081644,0.262364264467491,0.4959150110302365,0.050693114315518116,10.608069110721736,0.6931471805599453,20.318300605379147,18.292847383806116,3,Emerging
Slovak Republic,0.010254930307244151,10.419316791162741,3.349904087274605,9.79942107104969,24.926214430135307,0.06952606264861023,6.716594773520978,0.008044479313832929,0.4307829160924542,0.09545003016466748,4.375273111658102,4.272383457224055,0.6005256906795488,0.1546999794840252,0.538829820175588,0.1122979344856282,15.498680357555285,0.44058472106471464,21.234937257371698,21.08539511041801,1,Highly Developed
Slovenia,0.009797996326253038,9.596821287010261,3.485962648289865,8.869203426343296,24.362892041367882,0.0820052776140869,7.114018697580451,0.003455561127155018,0.4003237086077457,0.09761521347954188,4.412331984169211,4.323623102103826,0.6499184460091252,0.13506867194340907,0.5297228639473578,0.14589693094267459,14.516828383095211,0.408025928969838,21.45474576304934,20.773739565762597,1,Highly Developed
Solomon Islands,0.03343477608623739,7.393121072844883,3.8202450415361886,9.213144130078133,20.108235857259857,0.06355245821420524,4.332755585667099,0.027764811627341658,0.022814677766171347,0.1320398962812484,4.220638287546393,4.180286992022825,0.10919929196499198,0.3449526594872609,0.4431066657812862,0.03015608462453909,13.08308922282308,0.16811860661596117,17.261338090521463,17.207951800903455,0,Under Developed
Somalia,0.04548801477367288,7.578027424924887,3.332204510175204,9.579003173560242,23.518315240553033,0.05921185963184608,5.2390980068880655,0.09705690513926653,0.007662872745569125,0.11332868530700319,4.01291200025951,3.954197930478859,0.08122543992258587,0.38928360891442526,0.40222910867439315,0.028288391429122768,15.98178300522155,0.3047660755089672,20.418098451510463,19.972489545668473,0,Under Developed
South Africa,0.022363448157853374,11.484372449063681,3.361976668508874,10.815553990013585,26.072875298068308,0.08186353416948389,6.067713083760815,0.04512043528046958,0.13641185548987675,0.11593517556790384,4.026724374547121,3.968839480471807,0.535142931416697,0.26861686550206404,0.4989554511955033,0.04401688541677433,17.69135913240653,0.4704362279691058,22.560323421906574,22.096182655123904,2,Developing
South Sudan,0.038628822043962216,9.163563180417254,3.3043475556722375,9.579003173560242,23.497150569127385,0.04482627437233283,4.854431225457155,0.08150908763403238,0.09531017980432487,0.11332868530700319,3.9832697453008357,3.942328354923475,0.37421256460406,0.3625040753391598,0.4256196091355742,0.03202029604396231,15.959152763233478,0.15969571721251,20.418098451510463,19.972489545668473,0,Under Developed
Spain,0.010407195248535672,11.484372449063681,3.7394994449604444,10.873006206198845,26.239006144556786,0.08143818324856643,7.157136215340021,0.004528193776733441,0.38996092157219914,0.09859150365471617,4.442651256490317,4.36554540849009,0.6737290947028437,0.13721690048169863,0.5208978055347147,0.15674072934470815,17.601857853713916,0.5738437589331062,22.695052566554256,22.230560275933318,1,Highly Developed
Sri Lanka,0.01844423904111761,9.329203166363582,3.6446461991371106,9.148137582430977,24.209629212686956,0.035960968082769704,4.064413895975912,0.011168172379847734,0.052446475372542496,0.1275810319826365,4.352756252373768,4.2626798770413155,0.325422400434628,0.22774831770095808,0.514296516320272,0.06931076966991796,16.801526600684625,0.16857363961370436,20.54119040490743,20.30961345977747,2,Developing
St. Kitts and Nevis,0.016857117066422903,5.2548878086207,3.332204510175204,9.579003173560242,19.961811504739917,0.03681397312271631,5.932245187448011,0.012422519998557155,0.1397619423751587,0.10436001532424277,4.324132656254979,4.248495242049359,0.048790164169432,0.262364264467491,0.4959150110302365,0.050693114315518116,10.748819195469789,0.28141245943818555,17.90148688732258,15.894952224644102,3,Emerging
St. Lucia,0.017235231790933895,7.48410931839381,3.091042453358316,9.215067642344463,20.73381941969841,0.06679558743059888,6.012021037990562,0.014282138364025292,0.2262157503511799,0.1071972892943189,4.337793379697056,4.276666119016055,0.5260930958967791,0.2465595520089033,0.49633654683189304,0.07496474787370364,12.034344472497127,0.2026268229547002,19.51466696758048,17.521549656935704,3,Emerging
St. Vincent and the Grenadines,0.017915478217527855,7.3979856537180115,2.9031107836735943,9.213404902272092,20.181971421457344,0.04136338640275732,5.449386379837887,0.01867076526249629,0.18232155679395465,0.09635858108854163,4.313377110829788,4.251786523133432,0.5618111784988584,0.24908116717790538,0.4991422536057976,0.06744295303493707,11.597067922851839,0.38761442069107555,18.36614333724771,16.465497028763895,3,Emerging
Sudan,0.03625774802262424,9.249146798141027,3.566277132021604,9.629091191844799,24.35148324422077,0.05171628183882078,4.204692619390966,0.058631687014223326,0.07410797215372189,0.11332868530700319,4.14191297914121,4.085329691125885,0.19506058257138437,0.3565441661569218,0.4323816374561513,0.030230719844934223,17.294325868478342,0.28402153469705055,19.116516619422814,20.365491389104406,0,Under Developed
Suriname,0.019802627296179712,8.145750396922507,3.84522552450463,9.232508224054362,21.684598672209646,0.06427406309470228,5.75890177387728,0.02506777672908057,0.12967782330853267,0.1542715516428452,4.299898420509324,4.205840066447443,0.5215372793609184,0.25851069515150105,0.49680471163445156,0.05971923470162228,13.128544542275733,0.5097789223189522,17.93891593063879,17.814416745370547,3,Emerging
Swaziland,0.030976765835968284,7.7723639769517145,3.8377966830760495,9.223788007389985,21.71964288239779,0.06679558743059888,5.130808633093224,0.07117510406908442,0.052446475372542496,0.11422114409002286,3.875997183171384,3.8775908090066618,0.2741291060470774,0.3449526594872609,0.44211842575619986,0.031349580216008754,13.940116758524336,0.19853555052877392,18.8574457381836,18.584890559288915,0,Under Developed
Sweden,0.011320298340436238,10.708079777332735,2.972384909557,10.81850362622475,26.23201020678193,0.08779952785558397,7.195187320178709,0.002842111219104982,0.5835040031101182,0.08342160813907239,4.429900628371534,4.378173065357892,0.7084146526907338,0.15956456967133842,0.5010549690777859,0.16257662014133004,16.027731813194073,0.6128127636767475,22.623022726905628,22.230560275933318,1,Highly Developed
Switzerland,0.010026489415331241,10.4836447596505,3.0554515082556133,10.169245460360502,26.239006144556786,0.10137566359335928,7.195187320178709,0.0042218446895554325,0.5530005488167034,0.03216928293339165,4.441745869375504,4.382987711153432,0.6931471805599453,0.1488840883964007,0.5176026080450145,0.14981160933211535,15.835787176372275,0.5510960816024628,22.695052566554256,22.230560275933318,1,Highly Developed
Syrian Arab Republic,0.026567027384721796,10.767221033671607,3.3725868476208896,9.857173742745577,23.839638785009676,0.040033991819970416,4.347793463031639,0.015570456529409844,0.08829260714567834,0.08991101512655424,4.352756252373768,4.296761983019193,0.23233197736861602,0.3216932335047504,0.46077851612783466,0.03469866979004186,16.767396661413418,0.43293060814991324,21.48410761116447,20.444162249796566,2,Developing
Tajikistan,0.03030534949532895,8.198237411215226,3.6314947703329836,8.08749844045375,21.978082609008563,0.0498884619184946,3.2929837970219227,0.05317613611268628,0.04512043528046959,0.19150998284836085,4.255067007212594,4.149221172447935,0.27996002635787065,0.32475551144692416,0.4581062117413446,0.03455005929786762,15.762718512856805,0.23488967926840493,18.693288232692858,18.175370246830884,0,Under Developed
Tanzania,0.0406250520514371,8.649340934931983,3.3239286008713442,9.740878121205629,23.544093411745553,0.04966889884812083,3.1354942159291497,0.05419676753466655,0.0,0.14888408839640066,4.041700828736679,4.011520211586688,0.2013697517646491,0.36975821425467964,0.4202779314473068,0.029782824943448336,17.512509650719362,0.22793206804600694,20.711660291837777,20.243491554628182,0,Under Developed
Thailand,0.01230855339064988,11.484372449063681,3.4609166163637775,10.815553990013585,25.999182532906573,0.03618356129459586,4.847814659965026,0.014888612493750656,0.1497453863593419,0.06449044305876195,4.345801430500399,4.251786523133432,0.5031035776720805,0.1948706911254234,0.5338357711485362,0.07653359936856025,17.760591909837135,0.32863944242375065,22.695052566554256,22.15850602801296,2,Developing
Timor-Leste,0.03744398778213044,8.02604449574445,3.8941723180110572,9.213121117501759,20.302726139035826,0.06643575870518786,3.627413132013335,0.06167384494494418,0.03774032798284703,0.12622592641582858,4.191983031786017,4.144354982796762,0.24445333790096083,0.3932368000184843,0.3989826035426564,0.027689992129345586,13.81082227743943,0.24040902610767123,19.678704577927615,19.31204807147501,0,Under Developed
Togo,0.03736988900843124,7.871575307205801,3.9112534786491175,8.111974206863339,21.61540700197954,0.06283033224406119,3.332204510175204,0.06477887686520348,0.0,0.11332868530700319,4.032196344425115,4.003128553950439,0.17589066646366422,0.3563287301675066,0.43447608793007186,0.027390658145220244,15.558019597501586,0.3050496106266909,18.787458336998544,18.54629628207156,0,Under Developed
Tonga,0.027689992129345586,7.379440186395017,3.3239286008713442,9.213067419430658,19.487361701649416,0.05266542950252718,5.0488693273470915,0.012992158293652935,0.0882926071456783,0.1094751159910132,4.3205603125732805,4.249593539798422,0.262364264467491,0.3213028154736332,0.44596705141749426,0.05732506661926941,11.528598158018234,0.2087637324399538,19.006884966427002,18.861215957924415,3,Emerging
Trinidad and Tobago,0.014888612493750656,10.34126842571023,3.621259266438957,9.719037578422032,23.560349112253817,0.04849708093169515,6.4813415025081405,0.022664290518726468,0.2915208487589466,0.10664430663005818,4.303025051508755,4.197780149470343,0.6296337748376193,0.1997961873172186,0.5327526896761715,0.07246376404123267,14.080259196486223,0.09299982067114064,20.103083119697377,19.028772680459117,3,Emerging
Tunisia,0.01746203201870631,9.941942439975362,2.75317063638268,9.110902454000891,24.27741340783855,0.057034474535858734,5.334575114570661,0.018972720424449363,0.17589066646366422,0.11332868530700319,4.3428059215206005,4.289405144793485,0.4747998015092286,0.2286667319703201,0.5166394598521373,0.06463467036124028,16.132924489024465,0.5014277556617863,21.735705557928778,19.981574617871782,2,Developing
Turkey,0.018897240181367146,11.484372449063681,2.6607973162516645,10.873006206198845,26.217546253297126,0.05638033343610764,6.0671783720468,0.024617562869896484,0.21386991452888057,0.11332868530700319,4.346797942790138,4.251786523133432,0.5123629030848772,0.24854135609867026,0.5015675148104147,0.06463467036124028,17.760591909837135,0.520852113181322,22.695052566554256,21.939524400079062,2,Developing
Turkmenistan,0.022288223423925398,10.59922368655435,3.332204510175204,9.853925552116179,23.355679704682967,0.02731581064696293,4.530943863635994,0.055434706888100586,0.015267472130788436,0.11332868530700319,4.2440899485814425,4.119662370206391,0.23233197736861602,0.27815607463353814,0.4921601957673577,0.042543588649358324,15.387710542227108,0.38771882662142726,20.418098451510463,19.972489545668473,2,Developing
Uganda,0.0451939619890796,8.16837739321763,3.406312482328926,9.579003173560242,23.130617597234473,0.08094171173228698,3.458498235499496,0.06362464213887656,0.03774032798284703,0.1879626670526036,4.007333185232471,3.991828998696506,0.15634607039069398,0.3997565374873314,0.3943782341986544,0.02491772796295014,17.214659224493285,0.12581903640614595,19.98656858716098,19.749386737208987,0,Under Developed
Ukraine,0.009721820359733627,11.484372449063681,3.3986299861569096,10.815553990013585,25.35646902928648,0.06506722750157282,5.0409406435915844,0.012232568435634406,0.09531017980432487,0.16966162880865912,4.3246419508929295,4.1660687430205465,0.5441116013994574,0.13922668209207276,0.5289073140856533,0.1427007636193336,17.666002823675125,0.5187937934151675,21.997747286750172,21.77930513352765,2,Developing
United Arab Emirates,0.01587334915629015,11.4465004475683,2.984126727433683,10.672355689405434,25.97586240805338,0.02641720342759084,7.009617374606213,0.008273373375031427,0.4054651081081644,0.10906135141714929,4.353745861558934,4.327692283710552,0.7382676158404149,0.1729185120498554,0.5885128968583386,0.006670013611806824,15.531682062954516,0.6020435255269839,21.94002576745496,21.99669294502459,1,Highly Developed
United Kingdom,0.012232568435634406,11.484372449063681,2.828678188890825,10.873006206198845,26.239006144556786,0.08136727383531211,7.195187320178709,0.004910998206627252,0.5260930958967791,0.03551563296073588,4.413264385169161,4.360645839648932,0.7197142079446671,0.16551443847757338,0.5056120567131033,0.15014265842971947,17.760591909837135,0.5888544706629492,22.695052566554256,22.230560275933318,1,Highly Developed
United States,0.013675296200215466,11.484372449063681,2.4389969484839225,10.873006206198845,26.239006144556786,0.11511280710050456,7.195187320178709,0.006670013611806825,0.5031035776720805,0.05230047931417674,4.39729410680467,4.332755585667099,0.5396373210045363,0.18577711792110965,0.5124550647364792,0.11901304811158339,17.760591909837135,0.5882993539674378,22.695052566554256,22.230560275933318,1,Highly Developed
Uruguay,0.015267472130788436,8.792631381758918,3.627413132013335,8.339298743574979,23.988329253854232,0.08786998264125442,6.55808868611185,0.012080581202269408,0.2564295289476765,0.1493479564011399,4.387779287163331,4.2946655461926655,0.535142931416697,0.210572558755686,0.48843842858061676,0.12737788317543705,15.02281982855276,0.6601073264817451,20.813739164099896,19.905252907370603,3,Emerging
Uzbekistan,0.02138508495657693,11.476500041352375,3.125410096862524,10.743925951506899,23.88597499379723,0.05230047931417674,3.8775908090066618,0.044311284476823656,0.10227884912041818,0.11332868530700319,4.274527080767306,4.1791098288498105,0.2564295289476765,0.2829207553500705,0.48735226758034855,0.044090493307573454,17.104453237802904,0.312168284756212,18.94130436998611,19.972489545668473,2,Developing
Vanuatu,0.02873695602994552,7.339038070116242,3.7116941318801078,9.21227695712256,20.002354325797164,0.03633192924739028,4.42161710194489,0.017159620282826346,0.05971923470162228,0.06801803751631737,4.28411692517192,4.229637223414962,0.21386991452888054,0.3324531820192453,0.45112461375036883,0.03492154412698463,12.279106112037985,0.2103855904462697,18.807511779307696,16.84527262843171,3,Emerging
"Venezuela, RB",0.0216109460529634,11.484372449063681,3.9408347026666917,10.815553990013585,25.912474398490513,0.053322004393887235,6.03179411271271,0.015343226837085791,0.18232155679395465,0.17960954929048137,4.3497815352570255,4.27130991981553,0.5031035776720805,0.2704380921018685,0.4932881214438514,0.050327443488318455,17.11828889435514,0.6342950254574367,20.435993938105522,21.45252238705111,2,Developing
Vietnam,0.016630179586724338,11.277084331792954,3.697496070374815,10.593283933123288,25.07886557728168,0.0589943343436737,3.9644694808006884,0.022889862909622423,0.15634607039069398,0.11002653591124405,4.388734853409,4.263762714180148,0.43577045760349326,0.235983837787387,0.5119480705099624,0.06333587517181077,17.760591909837135,0.24643931634686117,21.800654489503376,20.7206470272403,2,Developing
Virgin Islands (U.S.),0.012916225266546327,9.163563180417254,3.332204510175204,9.579003173560242,23.518315240553033,0.05921185963184608,5.2390980068880655,0.020782539182528502,0.2564295289476765,0.11332868530700319,4.416056383260193,4.337793379697056,0.40032370860774574,0.2027524432048497,0.5074198306311578,0.10823330831159757,11.583735863241428,0.6618152688269012,20.88773670717162,19.972489545668473,3,Emerging
"Yemen, Rep.",0.03432710214187732,9.787847891287733,3.5888466015638976,8.872001779411102,23.75110739234885,0.0471771423371834,3.912023005428146,0.053322004393887235,0.052446475372542496,0.1774217518185685,4.160084284705306,4.117159239988272,0.19506058257138437,0.37023641622442055,0.42184307452298,0.026866607974140328,16.843910928570693,0.25862948821412596,19.949575825839,19.228529298089448,0,Under Developed
Zambia,0.04298580563769691,8.071074343862907,3.3099813733904937,8.964016765502723,23.05058848534077,0.0618907882151301,3.9789624881032553,0.07296446145164291,0.03774032798284703,0.19344535474234248,3.9257741770409704,3.893388925883253,0.18871135489272564,0.3823801768642868,0.4102740394609138,0.02649211821205858,16.29221969334406,0.31537206458112654,18.50119672162782,18.50119672162782,0,Under Developed
Zimbabwe,0.03149866705937099,9.253075611997541,3.9408347026666917,9.187465337358988,22.6940502217331,0.05921185963184608,5.2390980068880655,0.056598428017321796,0.08829260714567834,0.1681673700563941,3.8807704619240417,3.8839400366853205,0.2013697517646491,0.3466945357101676,0.43721220385735804,0.03662859913015655,16.369186843212805,0.2910034735641688,19.594115038600883,19.972489545668473,0,Under Developed
